now_day,repo,tag_name,release_name,release_date,asset,downloads,tag_total
2025-01-10,pFindStudio/pLink3,v3.0.16,pLink v3.0.16,2025-01-11,pLink3.0.16.exe,0,0
2025-03-24,pFindStudio/pLink3,v3.0.16,pLink v3.0.16,2025-01-11,pLink3.0.16.exe,368,368
2025-03-24,pFindStudio/pLink3,v3.0.16,pLink v3.0.16,2025-01-11,pLink3.0.16.exe,369,369
2025-03-26,pFindStudio/pLink3,v3.0.16,pLink v3.0.16,2025-01-11,pLink3.0.16.exe,377,377
2025-03-31,pFindStudio/pLink3,v3.0.16,pLink v3.0.16,2025-01-11,pLink3.0.16.exe,401,401
2025-04-01,pFindStudio/pLink3,v3.0.16,pLink v3.0.16,2025-01-11,pLink3.0.16.exe,409,409
2025-04-06,pFindStudio/pLink3,v3.0.16,pLink v3.0.16,2025-01-11,pLink3.0.16.exe,435,435
2025-04-11,pFindStudio/pLink3,v3.0.16,pLink v3.0.16,2025-01-11,pLink3.0.16.exe,459,459
2025-04-16,pFindStudio/pLink3,v3.0.16,pLink v3.0.16,2025-01-11,pLink3.0.16.exe,466,466
2025-04-21,pFindStudio/pLink3,v3.0.16,pLink v3.0.16,2025-01-11,pLink3.0.16.exe,480,480
2025-04-26,pFindStudio/pLink3,v3.0.16,pLink v3.0.16,2025-01-11,pLink3.0.16.exe,514,514
2025-05-01,pFindStudio/pLink3,v3.0.16,pLink v3.0.16,2025-01-11,pLink3.0.16.exe,542,542
2025-05-06,pFindStudio/pLink3,v3.0.16,pLink v3.0.16,2025-01-11,pLink3.0.16.exe,554,554
2025-05-11,pFindStudio/pLink3,v3.0.17,pLink v3.0.17,2025-05-06,pLink3.0.17.exe,26,26
2025-05-11,pFindStudio/pLink3,v3.0.16,pLink v3.0.16,2025-01-11,pLink3.0.16.exe,559,559
2025-05-16,pFindStudio/pLink3,v3.0.17,pLink v3.0.17,2025-05-06,pLink3.0.17.exe,42,42
2025-05-16,pFindStudio/pLink3,v3.0.16,pLink v3.0.16,2025-01-11,pLink3.0.16.exe,559,559
2025-05-21,pFindStudio/pLink3,v3.0.17,pLink v3.0.17,2025-05-06,pLink3.0.17.exe,48,48
2025-05-21,pFindStudio/pLink3,v3.0.16,pLink v3.0.16,2025-01-11,pLink3.0.16.exe,559,559
2025-05-26,pFindStudio/pLink3,v3.0.17,pLink v3.0.17,2025-05-06,pLink3.0.17.exe,55,55
2025-05-26,pFindStudio/pLink3,v3.0.16,pLink v3.0.16,2025-01-11,pLink3.0.16.exe,559,559
2025-05-31,pFindStudio/pLink3,v3.0.17,pLink v3.0.17,2025-05-06,pLink3.0.17.exe,85,85
2025-05-31,pFindStudio/pLink3,v3.0.16,pLink v3.0.16,2025-01-11,pLink3.0.16.exe,559,559
2025-06-01,pFindStudio/pLink3,v3.0.17,pLink v3.0.17,2025-05-06,pLink3.0.17.exe,89,89
2025-06-01,pFindStudio/pLink3,v3.0.16,pLink v3.0.16,2025-01-11,pLink3.0.16.exe,559,559
2025-06-06,pFindStudio/pLink3,v3.0.17,pLink v3.0.17,2025-05-06,pLink3.0.17.exe,114,114
2025-06-06,pFindStudio/pLink3,v3.0.16,pLink v3.0.16,2025-01-11,pLink3.0.16.exe,559,559
2025-06-11,pFindStudio/pLink3,v3.0.17,pLink v3.0.17,2025-05-06,pLink3.0.17.exe,131,131
2025-06-11,pFindStudio/pLink3,v3.0.16,pLink v3.0.16,2025-01-11,pLink3.0.16.exe,559,559
2025-06-16,pFindStudio/pLink3,v3.0.17,pLink v3.0.17,2025-05-06,pLink3.0.17.exe,148,148
2025-06-16,pFindStudio/pLink3,v3.0.16,pLink v3.0.16,2025-01-11,pLink3.0.16.exe,560,560
2025-06-21,pFindStudio/pLink3,v3.0.17,pLink v3.0.17,2025-05-06,pLink3.0.17.exe,179,179
2025-06-21,pFindStudio/pLink3,v3.0.16,pLink v3.0.16,2025-01-11,pLink3.0.16.exe,562,562
2025-06-26,pFindStudio/pLink3,v3.0.17,pLink v3.0.17,2025-05-06,pLink3.0.17.exe,205,205
2025-06-26,pFindStudio/pLink3,v3.0.16,pLink v3.0.16,2025-01-11,pLink3.0.16.exe,562,562
2025-07-01,pFindStudio/pLink3,v3.0.17,pLink v3.0.17,2025-05-06,pLink3.0.17.exe,222,222
2025-07-01,pFindStudio/pLink3,v3.0.16,pLink v3.0.16,2025-01-11,pLink3.0.16.exe,562,562
2025-07-06,pFindStudio/pLink3,v3.0.17,pLink v3.0.17,2025-05-06,pLink3.0.17.exe,236,236
2025-07-06,pFindStudio/pLink3,v3.0.16,pLink v3.0.16,2025-01-11,pLink3.0.16.exe,562,562
2025-07-11,pFindStudio/pLink3,v3.0.17,pLink v3.0.17,2025-05-06,pLink3.0.17.exe,252,252
2025-07-11,pFindStudio/pLink3,v3.0.16,pLink v3.0.16,2025-01-11,pLink3.0.16.exe,562,562
2025-07-16,pFindStudio/pLink3,v3.0.17,pLink v3.0.17,2025-05-06,pLink3.0.17.exe,272,272
2025-07-16,pFindStudio/pLink3,v3.0.16,pLink v3.0.16,2025-01-11,pLink3.0.16.exe,562,562
2025-07-21,pFindStudio/pLink3,v3.0.17,pLink v3.0.17,2025-05-06,pLink3.0.17.exe,282,282
2025-07-21,pFindStudio/pLink3,v3.0.16,pLink v3.0.16,2025-01-11,pLink3.0.16.exe,562,562
2025-07-26,pFindStudio/pLink3,v3.0.17,pLink v3.0.17,2025-05-06,pLink3.0.17.exe,300,300
2025-07-26,pFindStudio/pLink3,v3.0.16,pLink v3.0.16,2025-01-11,pLink3.0.16.exe,563,563
2025-07-31,pFindStudio/pLink3,v3.0.17,pLink v3.0.17,2025-05-06,pLink3.0.17.exe,318,318
2025-07-31,pFindStudio/pLink3,v3.0.16,pLink v3.0.16,2025-01-11,pLink3.0.16.exe,563,563
2025-08-01,pFindStudio/pLink3,v3.0.17,pLink v3.0.17,2025-05-06,pLink3.0.17.exe,320,320
2025-08-01,pFindStudio/pLink3,v3.0.16,pLink v3.0.16,2025-01-11,pLink3.0.16.exe,563,563
2025-08-06,pFindStudio/pLink3,v3.0.17,pLink v3.0.17,2025-05-06,pLink3.0.17.exe,330,330
2025-08-06,pFindStudio/pLink3,v3.0.16,pLink v3.0.16,2025-01-11,pLink3.0.16.exe,563,563
2025-08-11,pFindStudio/pLink3,v3.0.17,pLink v3.0.17,2025-05-06,pLink3.0.17.exe,346,346
2025-08-11,pFindStudio/pLink3,v3.0.16,pLink v3.0.16,2025-01-11,pLink3.0.16.exe,563,563
2025-08-16,pFindStudio/pLink3,v3.0.17,pLink v3.0.17,2025-05-06,pLink3.0.17.exe,368,368
2025-08-16,pFindStudio/pLink3,v3.0.16,pLink v3.0.16,2025-01-11,pLink3.0.16.exe,563,563
2025-08-21,pFindStudio/pLink3,v3.0.17,pLink v3.0.17,2025-05-06,pLink3.0.17.exe,382,382
2025-08-21,pFindStudio/pLink3,v3.0.16,pLink v3.0.16,2025-01-11,pLink3.0.16.exe,563,563
2025-08-26,pFindStudio/pLink3,v3.0.17,pLink v3.0.17,2025-05-06,pLink3.0.17.exe,392,392
2025-08-26,pFindStudio/pLink3,v3.0.16,pLink v3.0.16,2025-01-11,pLink3.0.16.exe,563,563
2025-08-31,pFindStudio/pLink3,v3.0.17,pLink v3.0.17,2025-05-06,pLink3.0.17.exe,401,401
2025-08-31,pFindStudio/pLink3,v3.0.16,pLink v3.0.16,2025-01-11,pLink3.0.16.exe,563,563
2025-09-01,pFindStudio/pLink3,v3.0.17,pLink v3.0.17,2025-05-06,pLink3.0.17.exe,402,402
2025-09-01,pFindStudio/pLink3,v3.0.16,pLink v3.0.16,2025-01-11,pLink3.0.16.exe,563,563
2025-09-06,pFindStudio/pLink3,v3.0.17,pLink v3.0.17,2025-05-06,pLink3.0.17.exe,414,414
2025-09-06,pFindStudio/pLink3,v3.0.16,pLink v3.0.16,2025-01-11,pLink3.0.16.exe,563,563
2025-09-11,pFindStudio/pLink3,v3.0.17,pLink v3.0.17,2025-05-06,pLink3.0.17.exe,427,427
2025-09-11,pFindStudio/pLink3,v3.0.16,pLink v3.0.16,2025-01-11,pLink3.0.16.exe,563,563
2025-09-16,pFindStudio/pLink3,v3.0.17,pLink v3.0.17,2025-05-06,pLink3.0.17.exe,435,435
2025-09-16,pFindStudio/pLink3,v3.0.16,pLink v3.0.16,2025-01-11,pLink3.0.16.exe,563,563
2025-09-21,pFindStudio/pLink3,v3.0.17,pLink v3.0.17,2025-05-06,pLink3.0.17.exe,454,454
2025-09-21,pFindStudio/pLink3,v3.0.16,pLink v3.0.16,2025-01-11,pLink3.0.16.exe,563,563
2025-09-26,pFindStudio/pLink3,v3.0.17,pLink v3.0.17,2025-05-06,pLink3.0.17.exe,471,471
2025-09-26,pFindStudio/pLink3,v3.0.16,pLink v3.0.16,2025-01-11,pLink3.0.16.exe,563,563
2025-10-01,pFindStudio/pLink3,v3.0.17,pLink v3.0.17,2025-05-06,pLink3.0.17.exe,495,495
2025-10-01,pFindStudio/pLink3,v3.0.16,pLink v3.0.16,2025-01-11,pLink3.0.16.exe,563,563
2025-10-06,pFindStudio/pLink3,v3.0.17,pLink v3.0.17,2025-05-06,pLink3.0.17.exe,511,511
2025-10-06,pFindStudio/pLink3,v3.0.16,pLink v3.0.16,2025-01-11,pLink3.0.16.exe,564,564
2025-10-11,pFindStudio/pLink3,v3.0.17,pLink v3.0.17,2025-05-06,pLink3.0.17.exe,527,527
2025-10-11,pFindStudio/pLink3,v3.0.16,pLink v3.0.16,2025-01-11,pLink3.0.16.exe,564,564
2025-10-16,pFindStudio/pLink3,v3.0.17,pLink v3.0.17,2025-05-06,pLink3.0.17.exe,537,537
2025-10-16,pFindStudio/pLink3,v3.0.16,pLink v3.0.16,2025-01-11,pLink3.0.16.exe,566,566
2025-10-21,pFindStudio/pLink3,v3.0.17,pLink v3.0.17,2025-05-06,pLink3.0.17.exe,547,547
2025-10-21,pFindStudio/pLink3,v3.0.16,pLink v3.0.16,2025-01-11,pLink3.0.16.exe,567,567
2025-10-26,pFindStudio/pLink3,v3.0.17,pLink v3.0.17,2025-05-06,pLink3.0.17.exe,568,568
2025-10-26,pFindStudio/pLink3,v3.0.16,pLink v3.0.16,2025-01-11,pLink3.0.16.exe,567,567
2025-10-31,pFindStudio/pLink3,v3.0.17,pLink v3.0.17,2025-05-06,pLink3.0.17.exe,585,585
2025-10-31,pFindStudio/pLink3,v3.0.16,pLink v3.0.16,2025-01-11,pLink3.0.16.exe,567,567
2025-11-01,pFindStudio/pLink3,v3.0.17,pLink v3.0.17,2025-05-06,pLink3.0.17.exe,590,590
2025-11-01,pFindStudio/pLink3,v3.0.16,pLink v3.0.16,2025-01-11,pLink3.0.16.exe,567,567
2025-11-06,pFindStudio/pLink3,v3.0.17,pLink v3.0.17,2025-05-06,pLink3.0.17.exe,612,612
2025-11-06,pFindStudio/pLink3,v3.0.16,pLink v3.0.16,2025-01-11,pLink3.0.16.exe,567,567
2025-11-11,pFindStudio/pLink3,v3.0.17,pLink v3.0.17,2025-05-06,pLink3.0.17.exe,631,631
2025-11-11,pFindStudio/pLink3,v3.0.16,pLink v3.0.16,2025-01-11,pLink3.0.16.exe,567,567
2025-11-16,pFindStudio/pLink3,v3.0.17,pLink v3.0.17,2025-05-06,pLink3.0.17.exe,645,645
2025-11-16,pFindStudio/pLink3,v3.0.16,pLink v3.0.16,2025-01-11,pLink3.0.16.exe,567,567
2025-11-21,pFindStudio/pLink3,v3.0.17,pLink v3.0.17,2025-05-06,pLink3.0.17.exe,655,655
2025-11-21,pFindStudio/pLink3,v3.0.16,pLink v3.0.16,2025-01-11,pLink3.0.16.exe,568,568
2025-11-26,pFindStudio/pLink3,v3.0.17,pLink v3.0.17,2025-05-06,pLink3.0.17.exe,667,667
2025-11-26,pFindStudio/pLink3,v3.0.16,pLink v3.0.16,2025-01-11,pLink3.0.16.exe,569,569
2025-12-01,pFindStudio/pLink3,v3.0.17,pLink v3.0.17,2025-05-06,pLink3.0.17.exe,684,684
2025-12-01,pFindStudio/pLink3,v3.0.16,pLink v3.0.16,2025-01-11,pLink3.0.16.exe,569,569
2025-12-06,pFindStudio/pLink3,v3.0.17,pLink v3.0.17,2025-05-06,pLink3.0.17.exe,716,716
2025-12-06,pFindStudio/pLink3,v3.0.16,pLink v3.0.16,2025-01-11,pLink3.0.16.exe,569,569
2025-12-11,pFindStudio/pLink3,v3.0.17,pLink v3.0.17,2025-05-06,pLink3.0.17.exe,734,734
2025-12-11,pFindStudio/pLink3,v3.0.16,pLink v3.0.16,2025-01-11,pLink3.0.16.exe,569,569
2025-12-16,pFindStudio/pLink3,v3.0.17,pLink v3.0.17,2025-05-06,pLink3.0.17.exe,748,748
2025-12-16,pFindStudio/pLink3,v3.0.16,pLink v3.0.16,2025-01-11,pLink3.0.16.exe,569,569
2025-12-21,pFindStudio/pLink3,v3.0.17,pLink v3.0.17,2025-05-06,pLink3.0.17.exe,759,759
2025-12-21,pFindStudio/pLink3,v3.0.16,pLink v3.0.16,2025-01-11,pLink3.0.16.exe,570,570
2025-12-26,pFindStudio/pLink3,v3.0.17,pLink v3.0.17,2025-05-06,pLink3.0.17.exe,767,767
2025-12-26,pFindStudio/pLink3,v3.0.16,pLink v3.0.16,2025-01-11,pLink3.0.16.exe,570,570
2025-12-31,pFindStudio/pLink3,v3.0.17,pLink v3.0.17,2025-05-06,pLink3.0.17.exe,770,770
2025-12-31,pFindStudio/pLink3,v3.0.16,pLink v3.0.16,2025-01-11,pLink3.0.16.exe,570,570
2026-01-01,pFindStudio/pLink3,v3.0.17,pLink v3.0.17,2025-05-06,pLink3.0.17.exe,770,770
2026-01-01,pFindStudio/pLink3,v3.0.16,pLink v3.0.16,2025-01-11,pLink3.0.16.exe,570,570
2026-01-06,pFindStudio/pLink3,v3.0.17,pLink v3.0.17,2025-05-06,pLink3.0.17.exe,779,779
2026-01-06,pFindStudio/pLink3,v3.0.16,pLink v3.0.16,2025-01-11,pLink3.0.16.exe,570,570
2026-01-11,pFindStudio/pLink3,v3.0.17,pLink v3.0.17,2025-05-06,pLink3.0.17.exe,794,794
2026-01-11,pFindStudio/pLink3,v3.0.16,pLink v3.0.16,2025-01-11,pLink3.0.16.exe,570,570
2026-01-16,pFindStudio/pLink3,v3.0.17,pLink v3.0.17,2025-05-06,pLink3.0.17.exe,803,803
2026-01-16,pFindStudio/pLink3,v3.0.16,pLink v3.0.16,2025-01-11,pLink3.0.16.exe,570,570
